[{"family":"MaterialIcons","fonts":[{"asset":"fonts/MaterialIcons-Regular.otf"}]},{"family":"RaleWay","fonts":[{"asset":"assets/fonts/Raleway-Regular.ttf"},{"style":"italic","asset":"assets/fonts/Raleway-Italic.ttf"},{"weight":700,"asset":"assets/fonts/Raleway-Bold.ttf"}]},{"family":"packages/cupertino_icons/CupertinoIcons","fonts":[{"asset":"packages/cupertino_icons/assets/CupertinoIcons.ttf"}]},{"family":"packages/syncfusion_flutter_datagrid/UnsortIcon","fonts":[{"asset":"packages/syncfusion_flutter_datagrid/assets/font/UnsortIcon.ttf"}]},{"family":"packages/syncfusion_flutter_datagrid/FilterIcon","fonts":[{"asset":"packages/syncfusion_flutter_datagrid/assets/font/FilterIcon.ttf"}]}]